Rating,Name,Symbol,Rating Agency Name,Date,Sector,currentRatio,quickRatio,cashRatio,daysOfSalesOutstanding,netProfitMargin,pretaxProfitMargin,grossProfitMargin,operatingProfitMargin,returnOnAssets,returnOnCapitalEmployed,returnOnEquity,assetTurnover,fixedAssetTurnover,debtEquityRatio,debtRatio,effectiveTaxRate,freeCashFlowOperatingCashFlowRatio,freeCashFlowPerShare,cashPerShare,companyEquityMultiplier,ebitPerRevenue,enterpriseValueMultiple,operatingCashFlowPerShare,operatingCashFlowSalesRatio,payablesTurnover,Month,Year
A,Whirlpool Corporation,WHR,Egan-Jones Ratings Company,2015-11-27,Consumer Durables,0.945893595,0.426394628,0.099690083,44.20324542,0.037480255,0.049351395,0.176631085,0.061509741,0.041188848,0.091514291,0.165085389,1.098947922,5.535506094,3.008011807,0.750499737,0.20271581,0.43755102,6.810673443,9.809402795,4.008011807,0.049351395,7.05708807,15.56543837,0.058637691,3.906654554,11,2015
BBB,Whirlpool Corporation,WHR,Fitch Ratings,2015-03-06,Consumer Durables,0.963703439,0.451505415,0.12209925,50.84138486,0.03270934,0.044333736,0.170843398,0.059782609,0.03249675,0.075954824,0.133060389,0.99350065,4.991710625,3.09457523,0.755774423,0.214528944,0.513184584,9.69348659,13.10344828,4.09457523,0.044333736,10.49197025,18.88888889,0.074426329,3.483509514,3,2015
BBB,Whirlpool Corporation,WHR,Standard & Poor's Ratings Services,2016-10-24,Consumer Durables,0.957843905,0.495432002,0.141607935,47.76112559,0.04286128,0.053769669,0.177719857,0.065353799,0.046363494,0.096945436,0.186046512,1.081710437,5.437795276,3.012780222,0.75079622,0.166965889,0.451371571,7.135348226,14.25755585,4.012780222,0.053769669,8.293504729,15.80814717,0.05806545,3.857789855,10,2016
A,Schlumberger N.V.,SLB,Egan-Jones Ratings Company,2015-07-23,Energy,1.905814036,1.544791445,0.197790525,90.33685694,0.058407329,0.081212121,0.201663143,0.081212121,0.030468348,0.053466706,0.058148346,0.52165282,2.644427879,0.908483709,0.476023822,0.258937869,0.72629188,5.047355959,10.28729282,1.908483709,0.081212121,15.26456244,6.949486977,0.24820296,3.665199948,7,2015
A,Honeywell International Inc.,HON,Moody's Investors Service,2016-02-16,Capital Goods,1.091557346,0.850960753,0.296935387,76.39446878,0.123584148,0.170705788,0.306731293,0.170705788,0.096682618,0.212829213,0.260788711,0.782322167,6.664536189,1.697369141,0.629268392,0.264044944,0.80326366,5.618107207,9.692228777,2.697369141,0.170705788,10.36290293,6.994101052,0.141364921,4.793369176,2,2016
AA,Honeywell International Inc.,HON,Egan-Jones Ratings Company,2015-04-21,Capital Goods,1.502132268,1.155080214,0.471062073,72.08356076,0.105170446,0.144345755,0.281570982,0.144345755,0.093265275,0.189647304,0.240074758,0.88680117,7.487646294,1.574106587,0.611515698,0.255929873,0.782245223,5.010198878,11.6063233,2.574106587,0.144345755,10.84723821,6.404895461,0.124646455,5.397390494,4,2015
A,Sysco Corporation,SYY,Egan-Jones Ratings Company,2015-06-01,Consumer Non-Durables,1.529885086,0.872729375,0.094569824,26.66848519,0.020025771,0.031722448,0.175873028,0.034119393,0.070742447,0.167678448,0.176872403,3.532570522,11.67114159,1.50023022,0.600036832,0.368719267,0.649517187,1.654656513,0.704870988,2.50023022,0.031722448,11.07454219,2.547517673,0.032092015,13.54125674,6,2015
BBB,Sysco Corporation,SYY,Egan-Jones Ratings Company,2015-11-03,Consumer Non-Durables,1.222848383,0.902528987,0.545771715,25.14308047,0.014107691,0.020709356,0.17566524,0.025253554,0.03817679,0.117367427,0.130559649,2.706097703,12.2247624,2.419869762,0.707591204,0.318776924,0.651021804,1.710355283,8.66455656,3.419869762,0.020709356,12.87360905,2.627185867,0.031952752,13.92432007,11,2015
A,Philip Morris International Inc,PM,Standard & Poor's Ratings Services,2016-03-21,Consumer Non-Durables,1.027167555,0.434355908,0.222085012,13.71935379,0.092993993,0.130094171,0.235820209,0.143732749,0.202409,0.517770598,-0.518951978,2.176581458,12.9187205,-3.563877982,1.390034162,0.279563183,0.877940242,4.457714655,2.520981278,-2.563877982,0.130094171,14.38546981,5.077469335,0.106416085,7.265321955,3,2016
BBB,AT&T Inc.,T,Standard & Poor's Ratings Services,2016-10-24,Public Utilities,0.758640462,0.479595065,0.114441632,37.42572625,0.076947969,0.12096272,0.885478612,0.148651289,0.031209372,0.05608572,0.101547015,0.405590596,1.311347569,2.25373459,0.692660857,0.327024026,0.453131354,2.890402075,1.209792477,3.25373459,0.12096272,7.484375822,6.378728923,0.240215891,0.60238294,10,2016
A,Danaher Corporation,DHR,Egan-Jones Ratings Company,2015-10-27,Capital Goods,1.270047323,0.77059834,0.128160249,70.36373407,0.163273047,0.161648779,0.523388983,0.168705108,0.069623534,0.079045368,0.141720451,0.426423929,7.277427803,1.035525088,0.508726271,0.218200963,0.833499921,4.539177768,1.132788999,2.035525088,0.161648779,12.81696067,5.445924653,0.184884575,4.783113714,10,2015
A,"WEC Energy Group, Inc.",WEC,Egan-Jones Ratings Company,2015-05-15,Public Utilities,0.920117457,0.656918559,0.037094744,7386.005747,33.81034483,54.59770115,1.0,63.9137931,0.038797367,0.070398008,0.052071624,0.0011475,0.001545609,0.34214323,0.254923038,0.380736842,0.38540536,2.046099291,3.298315603,1.34214323,54.59770115,11.18531636,5.308953901,68.83333333,2.851637765,5,2015
A,"WEC Energy Group, Inc.",WEC,Egan-Jones Ratings Company,2015-09-14,Public Utilities,0.81461794,0.5393134,0.018383167,63.35347024,0.10774371,0.181249051,0.621994229,0.211015676,0.021750831,0.040309688,0.056762115,0.201875647,0.308816709,1.609652671,0.616807244,0.40387301,0.0211812,0.101069716,1.594983401,2.609652671,0.181249051,13.19784787,4.77167097,0.218288588,2.747240618,9,2015
AA,General Electric Company,GE,Egan-Jones Ratings Company,2015-10-05,Energy,2.172892679,1.852850036,1.291812367,84.02220026,0.124980832,0.069735744,0.295546317,0.014482136,0.029777224,0.019382396,0.149286688,0.238254325,2.169997227,4.013452185,0.800536644,-0.792206206,0.632547383,1.438444465,11.81280502,5.013452185,0.069735744,53.31504898,2.27405014,0.169449508,6.044809942,10,2015
AA,General Electric Company,GE,Fitch Ratings,2016-10-05,Energy,2.169258241,1.720751991,0.994321944,71.04476405,0.0692521,0.073003323,0.292740899,0.076754546,0.023456733,0.028635577,0.112966187,0.33871511,2.448493606,3.815938703,0.792356161,0.051384275,30.50409836,-0.853163686,7.071068317,4.815938703,0.073003323,23.29545511,-0.027968822,-0.001972626,6.060478005,10,2016
A,Lockheed Martin Corporation,LMT,Egan-Jones Ratings Company,2015-04-29,Capital Goods,1.109521238,0.13012959,0.13012959,0.0,0.079254386,0.115307018,0.115241228,0.122631579,0.097483344,0.202534571,1.062941176,1.230005664,9.589905363,9.903823529,0.908289051,0.312666413,0.781427832,9.535984848,4.564393939,10.90382353,0.115307018,10.07054601,12.20328283,0.084780702,25.69745223,4,2015
BBB,Lockheed Martin Corporation,LMT,Egan-Jones Ratings Company,2015-07-27,Capital Goods,1.152308458,0.077541438,0.077541438,0.0,0.078145322,0.108883205,0.112720021,0.117835776,0.073379743,0.143223746,1.164029706,0.939016447,8.40291439,14.86309332,0.936960593,0.282301413,0.815918447,13.4128263,3.512729617,15.86309332,0.108883205,12.32502321,16.43893007,0.110574005,20.73556231,7,2015
AA,CVS Health Corporation,CVS,Egan-Jones Ratings Company,2015-11-16,Health Care,1.311148517,0.623030774,0.106133195,28.30660839,0.034164003,0.056207189,0.173057603,0.061673951,0.055916803,0.122233572,0.140794709,1.636716957,15.55454084,1.517932036,0.602848693,0.392989786,0.718616262,5.406976744,2.278175313,2.517932036,0.056207189,11.51850165,7.524150268,0.054876378,16.92416555,11,2015
A,CVS Health Corporation,CVS,Egan-Jones Ratings Company,2015-05-18,Health Care,1.365585747,0.641299206,0.130393651,25.37010196,0.033322092,0.055091951,0.182015829,0.063135462,0.06254377,0.139031236,0.122345751,1.876946076,15.76014927,0.956162074,0.488794915,0.395024746,0.737495391,5.168819983,2.166236003,1.956162074,0.055091951,11.53334203,7.008613264,0.058385414,17.41255537,5,2015
BBB,CVS Health Corporation,CVS,Standard & Poor's Ratings Services,2016-07-21,Health Care,1.182552381,0.59512381,0.128419048,25.00963239,0.029950542,0.048652028,0.162550838,0.058233724,0.056287184,0.12661995,0.144366006,1.879337723,17.44727273,1.564811295,0.610107768,0.384045386,0.779124044,7.311276794,3.222739981,2.564811295,0.048652028,8.328232264,9.383970177,0.056718453,18.70991694,7,2016
BBB,Weyerhaeuser Company,WY,Egan-Jones Ratings Company,2015-11-09,Consumer Services,2.484571429,1.241142857,1.156571429,0.0,0.071448743,0.071025134,0.195989833,0.129765603,0.040525388,0.043320989,0.103922777,0.567195259,2.738592421,1.564386938,0.610043248,-0.005964215,0.583646617,1.202623695,2.103139022,2.564386938,0.071025134,12.2340925,2.060533996,0.150240045,17.46625767,11,2015
A,Emerson Electric Company,EMR,Moody's Investors Service,2015-05-18,Energy,1.285427017,0.96616986,0.372486397,74.66010515,0.087500509,0.136446998,0.41398704,0.136446998,0.088803408,0.212936463,0.212175116,1.014890185,6.453708574,1.389267714,0.58146172,0.347670251,0.792253521,4.177377892,4.49728649,2.389267714,0.136446998,11.31411438,5.272779206,0.150466642,4.872585564,5,2015
BB,Marathon Oil Corporation,MRO,Egan-Jones Ratings Company,2015-11-13,Energy,1.497975709,1.813765182,0.706188548,56.79576864,-0.376045044,-0.504692032,1.0,-0.459136666,-0.068212064,-0.096723563,-0.118794804,0.181393334,0.216584753,0.741551232,0.425799263,0.254901961,-1.221086262,-2.822747415,3.285081241,1.741551232,-0.504692032,47.53086466,2.311669129,0.26701928,0.0,11,2015
AA,Exxon Mobil Corporation,XOM,Standard & Poor's Ratings Services,2016-04-26,Energy,0.789665777,0.436860827,0.068641618,17.97701222,0.060063522,0.081693829,1.0,0.081693829,0.047957287,0.077678211,0.094548946,0.798442799,1.068667157,0.971524082,0.492778197,0.246517345,0.127010282,0.918493804,2.463536702,1.971524082,0.081693829,9.037851752,7.23164919,0.112852478,0.0,4,2016
A,CSX Corporation,CSX,Egan-Jones Ratings Company,2015-10-14,Transportation,1.519467213,1.239754098,0.321721311,30.34713403,0.166624333,0.265684531,1.0,0.30344594,0.056165986,0.094840874,0.168666438,0.337081538,0.391429708,2.002999657,0.666999629,0.372848948,0.239762611,0.82197355,1.462868769,3.002999657,0.265684531,6.701556761,3.428280773,0.285327237,1.252617801,10,2015
BBB,CSX Corporation,CSX,Moody's Investors Service,2016-10-14,Transportation,1.219117647,0.959803922,0.295588235,30.9305267,0.15484687,0.247628512,1.0,0.306170386,0.048398938,0.082129802,0.146570891,0.312560005,0.355345104,2.028390628,0.669791608,0.374680773,0.211443604,0.678986272,1.077085533,3.028390628,0.247628512,11.98354371,3.211193242,0.274731231,0.884615385,10,2016
A,Halliburton Company,HAL,Egan-Jones Ratings Company,2015-01-16,Energy,2.561278259,0.389427163,0.389427163,0.0,0.106480073,0.143352601,0.799239428,0.155065409,0.108560794,0.178776037,0.215159525,1.019540943,2.634869739,0.9819266,0.495440447,0.270585739,0.19177745,0.918632075,2.701650943,1.9819266,0.143352601,5.589577738,4.79009434,0.12357773,2.345060412,1,2015
A,Halliburton Company,HAL,Moody's Investors Service,2015-11-05,Energy,4.032282142,1.880388132,1.880388132,0.0,-0.028392502,-0.039605636,0.77941861,-0.006981763,-0.018163608,-0.029636197,-0.043396715,0.639732554,2.165979287,1.389212262,0.581452006,0.292735043,0.24845148,0.846424385,11.81359906,2.389212262,-0.039605636,19.39273653,3.406799531,0.122963653,2.581971273,11,2015
BBB,Hess Corporation,HES,Egan-Jones Ratings Company,2015-05-07,Energy,1.378478664,0.931148217,0.503813647,52.39356587,0.202552671,0.212955678,0.831541219,0.212955678,0.060060138,0.072226999,0.104345868,0.296516149,0.415706654,0.737356451,0.424412878,0.305418719,-0.181451613,-2.667105696,9.466578861,1.737356451,0.212955678,4.247299117,14.69871584,0.390243902,2.721751412,5,2015
BB,Hess Corporation,HES,Egan-Jones Ratings Company,2015-08-14,Energy,1.675799087,1.474505327,1.03348554,47.12010364,-0.465782655,-0.648986435,0.690748362,-0.648986435,-0.089369791,-0.134887699,-0.157639534,0.191870156,0.24897541,0.763901785,0.433075011,0.305072804,1.0,6.985190409,10.67700987,1.763901785,-0.648986435,-52.69636964,6.985190409,0.301935681,4.439824945,8,2015
BB,Hess Corporation,HES,Moody's Investors Service,2016-09-19,Energy,1.899600178,1.669480231,1.213682808,70.82989265,-1.265895954,-0.795623452,0.611890999,-0.795623452,-0.214248279,-0.146150929,-0.421907252,0.169246358,0.205297733,0.96924453,0.492191049,-0.576543851,1.0,2.565343659,9.093255889,1.96924453,-0.795623452,-34.08197705,2.565343659,0.164120562,4.341801386,9,2016
A,UnitedHealth Group Incorporated,UNH,Moody's Investors Service,2015-07-20,Health Care,0.737540212,0.453028113,0.254627255,15.15460801,0.037000261,0.065121223,0.896847372,0.070149643,0.052189293,0.149390377,0.172364715,1.410511478,32.31989303,2.302683469,0.697215913,0.426449027,0.840246407,8.587618048,13.54774397,3.302683469,0.065121223,10.2971905,10.22035677,0.061995965,1.351175588,7,2015
A,"Marsh & McLennan Companies, Inc.",MMC,Egan-Jones Ratings Company,2015-10-30,Finance,1.36030205,0.21197411,0.370550162,100.726751,0.124020786,0.178934305,1.0,0.18762119,0.087779974,0.159015715,0.242199334,0.707784365,16.67917206,1.75916389,0.637571366,0.290853923,0.827860169,2.943502825,-5.220338983,2.75916389,0.178934305,11.03385996,3.555555556,0.146436051,0.0,10,2015
A,"Marsh & McLennan Companies, Inc.",MMC,Egan-Jones Ratings Company,2015-06-04,Finance,1.634278003,0.236977058,0.528475034,97.85190333,0.113118678,0.158829434,1.0,0.177669678,0.082118834,0.145525292,0.205383429,0.725952915,16.00865266,1.501051451,0.600168161,0.284880895,0.825757576,3.2,-4.759633028,2.501051451,0.158829434,11.42939755,3.875229358,0.16307621,0.07275624,6,2015
A,Baxter International Inc.,BAX,Egan-Jones Ratings Company,2015-02-10,Health Care,1.713174446,0.951009599,0.484111221,61.36974387,0.149781057,0.049367165,0.489292784,0.149781057,0.096346028,0.041408805,0.307512315,0.643245746,1.916647505,2.191748768,0.686692133,0.599027947,0.409642302,2.429889299,5.429889299,3.191748768,0.049367165,7.471724729,5.931734317,0.192849859,1.96039604,2,2015
BBB,Baxter International Inc.,BAX,Egan-Jones Ratings Company,2015-08-05,Health Care,2.051478261,1.583652174,0.384869565,63.38432986,0.097110754,0.0429374,0.415930979,0.045044141,0.046150179,0.028111658,0.10942799,0.47523242,2.272685819,1.371128194,0.578259833,0.081775701,0.446873103,1.350458716,13.53211009,2.371128194,0.0429374,18.60844371,3.022018349,0.165228732,2.183795949,8,2015
BBB,Baxter International Inc.,BAX,Moody's Investors Service,2016-08-10,Health Care,2.395772595,1.640306122,1.020772595,60.73157532,0.488536849,0.487454492,0.404408147,0.071238807,0.319374759,0.386970786,0.598914355,0.653737296,2.369550012,0.875271411,0.466743857,-0.002422285,0.565296252,1.712454212,5.146520147,1.875271411,0.487454492,16.79028871,3.029304029,0.16274722,2.317381317,8,2016
B,Sealed Air Corporation,SEE,Moody's Investors Service,2015-06-08,Basic Industries,1.555029176,0.765382171,0.186377029,47.19734211,0.033301077,-0.008025289,0.346764725,0.084330043,0.032095204,-0.00985612,0.221964224,0.963788751,7.803564237,5.915806674,0.855403708,-0.146302251,1.762258544,-1.694285714,1.536190476,6.915806674,-0.008025289,13.46220302,-0.961428571,-0.026049932,7.926882731,6,2015
BBB,Sealed Air Corporation,SEE,Moody's Investors Service,2016-06-08,Basic Industries,1.226052792,0.618006751,0.198328814,39.36798692,0.047699637,0.060570291,0.367858921,0.108568584,0.045165634,0.075797754,0.636311895,0.946875842,7.555066079,13.08840827,0.929019661,0.212491195,0.809858427,3.84355076,1.757724375,14.08840827,0.060570291,12.54731955,4.745953899,0.137623551,6.582111654,6,2016
BBB,ConocoPhillips,COP,Egan-Jones Ratings Company,2015-11-09,Energy,0.94954624,2.935609334,0.255834054,50.90059803,-0.14313884,-0.141296266,0.773201875,-0.14313884,-0.045422839,-0.049542095,-0.111362608,0.317334127,0.465566024,1.451687541,0.592117681,0.656142759,-0.32725832,-1.99529921,18.40538715,2.451687541,-0.141296266,15.16460929,6.097015989,0.244771295,1.433299285,11,2015
A,"Pfizer, Inc.",PFE,Egan-Jones Ratings Company,2015-10-29,Health Care,1.489982652,1.070308514,0.12384775,61.0886164,0.142474054,0.183517226,0.802501484,0.183517226,0.041562164,0.064935065,0.107540173,0.291717425,3.548670638,1.587453646,0.613519646,0.221974345,0.8969129,2.107512953,3.771049223,2.587453646,0.183517226,15.38048718,2.349740933,0.29706659,2.66519337,10,2015
BBB,"NiSource, Inc",NI,Egan-Jones Ratings Company,2015-08-06,Public Utilities,0.593490122,0.520376294,0.005832549,51.78640526,0.061589062,0.07306849,0.646652909,0.171954942,0.016378448,0.022912032,0.074541434,0.265931113,0.384097102,3.551190321,0.780277262,0.415710503,0.065966502,0.302442832,2.275087649,4.551190321,0.07306849,9.784353683,4.584794144,0.313169096,3.792570374,8,2015
AAA,Microsoft Corporation,MSFT,Standard & Poor's Ratings Services,2015-08-18,Technology,2.501343816,2.295198363,0.112218701,69.8484719,0.130294935,0.078681342,0.646954477,0.194069246,0.069190741,0.058267717,0.152254536,0.531031704,6.352589777,1.200504477,0.545558752,0.857530898,0.795598349,2.829399535,11.8045738,2.200504477,0.078681342,16.9188888,3.556316497,0.31075016,5.01259293,8,2015
AAA,Microsoft Corporation,MSFT,Standard & Poor's Ratings Services,2016-08-15,Technology,2.352881716,2.215694863,0.109675354,78.18922879,0.196882325,-0.003809189,0.615799344,0.236544773,0.086724421,-0.002419289,0.233315277,0.440488606,4.648071475,1.690306541,0.628295146,-9.086153846,0.749647412,3.152302839,14.28895899,2.690306541,-0.003809189,18.51835547,4.205047319,0.390588373,4.752102059,8,2016
BBB,General Motors Company,GM,Standard & Poor's Ratings Services,2015-09-28,Capital Goods,1.09152604,0.444099292,0.213220273,19.97299089,0.063581349,0.05065767,0.15775552,0.032141826,0.049799506,0.062720432,0.242958541,0.783240798,4.878670467,3.878733917,0.795028789,-0.245789065,0.342628152,2.587641866,14.75472888,4.878733917,0.05065767,3.096718105,7.552332913,0.078618499,5.332931593,9,2015
A,"Eaton Corporation, PLC",ETN,Egan-Jones Ratings Company,2015-08-11,Technology,1.430486486,0.848432432,0.057945946,60.88875569,0.094893311,0.102853033,0.314696715,0.102853033,0.063774935,0.081231538,0.130317398,0.672069866,5.849929874,1.043395232,0.510618414,0.076456876,0.786587938,4.006444683,0.955961332,2.043395232,0.102853033,10.18482248,5.093447905,0.113689763,8.129692833,8,2015
BBB,AbbVie Inc.,ABBV,Moody's Investors Service,2016-11-14,Health Care,1.654943257,1.143134649,0.521419078,67.7381231,0.232194399,0.307512286,0.772486153,0.36601919,0.090061877,0.139990767,1.284081104,0.387872736,9.84562212,13.25776531,0.929862782,0.244926433,0.931969891,4.045622688,3.959926017,14.25776531,0.307512286,12.23706233,4.340937115,0.274631407,0.621921314,11,2016
BBB,Avery Dennison Corporation,AVY,Egan-Jones Ratings Company,2015-08-05,Consumer Durables,1.202465891,0.809488046,0.142070347,55.24327441,0.039318832,0.057564412,0.260840718,0.057564412,0.057084537,0.131914277,0.233380216,1.451837072,7.232148977,3.088326301,0.755401128,0.310922064,0.604756815,2.412579957,3.574626866,4.088326301,0.057564412,10.11512367,3.989339019,0.059112522,5.86500376,8,2015
A,Deere & Company,DE,Egan-Jones Ratings Company,2015-02-27,Capital Goods,0.582614089,0.365083467,0.195720709,36.28959345,0.095964806,0.145540049,0.248331311,0.145540049,0.05156841,0.114249649,0.349039947,0.537367941,5.909987448,5.768042375,0.852191209,0.338961851,0.702695035,6.82369146,10.43250689,6.768483778,0.145540049,9.840252335,9.710743802,0.106947816,2.896305822,2,2015
A,Verizon Communications Inc.,VZ,Egan-Jones Ratings Company,2015-10-22,Public Utilities,0.635627068,0.521425311,0.12752482,37.31807476,0.135838019,0.214557058,0.824350403,0.251177633,0.073082897,0.134740539,1.002073759,0.538015043,1.57551382,12.71146732,0.927068345,0.349327195,0.288029797,2.744920441,1.179926561,13.71146732,0.214557058,6.313577643,9.52998776,0.295775718,1.194039872,10,2015
A,Verizon Communications Inc.,VZ,Fitch Ratings,2016-10-26,Public Utilities,0.869973632,0.708734344,0.094924192,50.74015717,0.104199079,0.166581997,0.823479917,0.214788062,0.053759522,0.098138795,0.546230027,0.515930871,1.486472136,9.160619174,0.901580801,0.351567712,0.225489764,1.255392157,0.977941176,10.16061917,0.166581997,7.133030916,5.567401961,0.180306398,1.134997193,10,2016
A,Entergy Corporation,ETR,Egan-Jones Ratings Company,2015-09-10,Public Utilities,1.316332455,2.318443487,0.43721015,41.27906448,-0.018680872,-0.084606907,1.0,-0.031652695,-0.003954561,-0.019242176,-0.019073781,0.211690412,42.96149528,3.823235287,0.792670284,0.803999445,0.241855211,4.442494634,34.01672596,4.823235287,-0.084606907,13.54250533,18.36840571,0.348218682,2.522384815,9,2015
BBB,Entergy Corporation,ETR,Moody's Investors Service,2016-08-17,Public Utilities,1.151299211,2.364378756,0.371190114,47.47731463,-0.064872513,-0.153595567,1.0,-0.098538746,-0.012713369,-0.032356479,-0.072211556,0.195974663,38.50396977,4.679970165,0.823942737,0.591461482,-0.251951263,-4.2235135,35.75508512,5.679970165,-0.153595567,21.24456266,16.76321624,0.333333,1.569628268,8,2016
A,"Air Products and Chemicals, Inc.",APD,Egan-Jones Ratings Company,2015-08-06,Basic Industries,0.797894795,0.490858255,0.056577396,51.87146914,0.129147339,0.17519126,0.298214232,0.171714722,0.073282066,0.125707034,0.176286384,0.567429938,1.026772095,1.405586978,0.584301042,0.239919239,0.337599475,3.829688227,1.789204281,2.405586978,0.17519126,12.06905445,11.34388087,0.246369342,4.177153513,8,2015
AA,DTE Energy Company,DTE,Egan-Jones Ratings Company,2015-10-28,Public Utilities,1.018591772,0.570411392,0.014636076,45.05562542,0.070329883,0.091902873,1.0,0.119860695,0.025298396,0.036247091,0.082877337,0.359710478,0.573195076,2.275991792,0.69474893,0.242105263,0.191522763,2.044692737,0.927374302,3.275991792,0.091902873,11.22732335,10.67597765,0.184869885,6.875154512,10,2015
BBB,DTE Energy Company,DTE,Moody's Investors Service,2016-10-25,Public Utilities,1.133360689,0.681575708,0.037751334,52.26058325,0.081655691,0.103951082,1.0,0.13593603,0.027090291,0.037326037,0.096326712,0.331762429,0.538773441,2.555765176,0.71876658,0.245248869,0.278790787,3.245810056,0.776536313,3.555765176,0.103951082,11.22139976,11.6424581,0.196048918,5.125115848,10,2016
BBB,Vodafone Group Plc,VOD,Moody's Investors Service,2016-06-10,Public Utilities,0.686785562,0.431951775,0.0,102.6540647,0.140123618,0.027281123,0.313666245,0.0506833,0.035068307,0.016597222,0.064985776,0.250266923,1.153073264,0.829100645,0.447407993,-4.136284722,0.263796416,0.125756619,0.200689888,1.853119878,0.0506833,820.4661751,0.476718451,0.298491886,1.50471637,6,2016
BBB,"Martin Marietta Materials, Inc.",MLM,Egan-Jones Ratings Company,2015-02-20,Basic Industries,3.249268873,1.952083459,0.273922975,51.94993595,0.05260432,0.08424007,0.176595217,0.106449701,0.02084577,0.035255663,0.035760759,0.396274874,0.869277383,0.715492353,0.41707697,0.380639543,0.391646448,2.629102614,6.213969114,1.715492353,0.08424007,14.14048603,6.712948957,0.12902783,12.02903554,2,2015
BBB,"Martin Marietta Materials, Inc.",MLM,Egan-Jones Ratings Company,2015-12-21,Basic Industries,2.947152844,1.577734748,0.458641416,42.3741203,0.081589572,0.116907138,0.203913752,0.135444701,0.04148278,0.062749022,0.071178651,0.508432384,1.121536755,0.715860167,0.417201926,0.301746492,0.444767609,3.817867306,2.52222555,1.715860167,0.116907138,13.17553576,8.583959862,0.161926731,17.10683107,12,2015
BB,Masco Corporation,MAS,Moody's Investors Service,2016-03-10,Capital Goods,1.328012769,0.684756584,0.585794094,0.0,0.049705965,0.096471577,0.315457855,0.127975357,0.0625,0.217076244,-2.62962963,1.257394366,6.954235638,-43.07407407,1.023767606,0.425253991,0.773962804,1.600591716,5.076923077,-42.07407407,0.096471577,10.19195876,2.068047337,0.097871745,6.527369826,3,2016
BB,Masco Corporation,MAS,Fitch Ratings,2015-02-18,Capital Goods,1.747173225,0.774762551,0.62550882,1.028048351,0.100457693,0.067480343,0.28013144,0.092477409,0.119436305,0.116020985,0.926406926,1.188921446,7.481123793,6.756493506,0.871075764,-0.579130435,0.787375415,1.358166189,4.839541547,7.756493506,0.067480343,10.1148377,1.724928367,0.070648985,6.456842105,2,2015
A,Altria Group,MO,Moody's Investors Service,2016-03-09,Consumer Non-Durables,0.859847415,1.109352925,0.334699068,0.0,0.206062751,0.317606354,0.436974129,0.328733192,0.161088059,0.317319401,1.819791667,0.781742739,12.83249243,10.296875,0.911479945,0.350953206,0.960585198,2.84599694,4.004079551,11.296875,0.317606354,15.18596669,2.962774095,0.228434379,19.35,3,2016
A,Altria Group,MO,Moody's Investors Service,2016-09-13,Consumer Non-Durables,0.98440678,3.040135593,0.619525424,0.0,0.553099751,0.848819142,0.450240833,0.34035115,0.310001742,0.566745338,1.115035239,0.560480711,13.14811032,2.596867659,0.721980319,0.348160351,0.95014508,1.845286885,11.48616803,3.596867659,0.848819142,16.56140977,1.942110656,0.147257613,18.22588235,9,2016
BBB,Amgen Inc.,AMGN,Egan-Jones Ratings Company,2015-04-23,Health Care,4.953339041,4.219748858,0.532391553,46.31859642,0.257090166,0.278373125,0.779594278,0.308577979,0.074743874,0.090079192,0.200093103,0.290730195,3.841278958,1.677050198,0.62645452,0.07645479,0.882758621,9.949934124,35.60737813,2.677050198,0.278373125,17.20986841,11.27140975,0.426406819,3.648514851,4,2015
BBB,Amgen Inc.,AMGN,Fitch Ratings,2016-02-18,Health Care,4.444213684,3.966424368,0.478135456,50.46510018,0.320330533,0.36829471,0.804865663,0.391007294,0.096945904,0.126818102,0.247088986,0.302643344,4.414509884,1.548730549,0.607647815,0.130233141,0.928500606,11.11873351,41.40105541,2.548730549,0.36829471,13.53576669,11.97493404,0.419028714,4.380310881,2,2016
A,Amgen Inc.,AMGN,Standard & Poor's Ratings Services,2016-08-10,Health Care,4.106569082,3.681720814,0.289271689,50.24683572,0.335870558,0.398547258,0.818972641,0.42599278,0.099476979,0.137951281,0.258476987,0.296176539,4.634347914,1.598359833,0.615141834,0.157262905,0.919161677,12.72326203,50.9157754,2.598359833,0.398547258,12.34293974,13.84224599,0.450350137,4.538713195,8,2016
A,Target Corporation,TGT,Egan-Jones Ratings Company,2015-01-05,Consumer Services,0.905768177,0.054394615,0.054159818,0.0,0.027150256,0.042743402,0.295277977,0.042743402,0.044239445,0.097652316,0.121434292,1.629430117,2.313595513,1.744932537,0.635692322,0.36480825,0.470398773,4.82992126,1.094488189,2.744932537,0.042743402,9.830003755,10.26771654,0.089812111,6.658857217,1,2015
A,Target Corporation,TGT,Egan-Jones Ratings Company,2015-09-25,Consumer Services,1.20032379,0.317825494,0.188309475,0.0,-0.02252885,0.050304332,0.293866534,0.050304332,-0.039513091,0.123129298,-0.116882189,1.753888513,2.797519069,1.958062442,0.661940875,0.329592116,0.59765713,4.184542587,5.883280757,2.958062442,0.050304332,10.34851608,7.001577287,0.061128095,6.608841346,9,2015
AA,Colgate-Palmolive Company,CL,Egan-Jones Ratings Company,2015-08-11,Consumer Non-Durables,1.240520656,0.695529145,0.274476514,32.48440813,0.086316577,0.172321317,0.586191842,0.173942871,0.115738418,0.327991453,-4.628762542,1.340859676,4.223919916,-40.99331104,1.025004181,0.439739414,0.765683282,2.502771004,1.142762137,-39.99331104,0.172321317,20.54433786,3.268676568,0.183921666,5.977477477,8,2015
AA,Colgate-Palmolive Company,CL,Egan-Jones Ratings Company,2015-02-11,Consumer Non-Durables,1.232387228,0.719969589,0.275975672,32.78809979,0.126179314,0.204491521,0.585113156,0.205880651,0.161973401,0.371386524,1.903930131,1.28367635,4.234558824,10.75458515,0.914926815,0.337956411,0.77046695,2.776745711,1.408589225,11.75458515,0.204491521,16.71181595,3.603977707,0.190889622,5.822908205,2,2015
BBB,Kellogg Company,K,Egan-Jones Ratings Company,2015-09-24,Consumer Non-Durables,0.765352887,0.393904675,0.101512374,31.94375857,0.043347051,0.02441701,0.347256516,0.070233196,0.041707913,0.032996571,0.226604518,0.962185706,3.868400106,4.433130154,0.815944037,0.52247191,0.67540435,3.382681564,1.237430168,5.433130154,0.02441701,19.57777341,5.008379888,0.12297668,6.228403141,9,2015
A,Norfolk Southern Corporation,NSC,Egan-Jones Ratings Company,2015-09-16,Transportation,1.180188256,2.07037203,0.493500672,32.85034726,0.148035391,0.232328037,1.0,0.274379222,0.045417396,0.076243404,0.127666557,0.306800934,0.362548289,1.810961602,0.644249854,0.362817363,0.17101147,1.629678702,12.16628023,2.810961602,0.232328037,7.627681968,9.529645578,0.273713253,0.856095325,9,2015
BBB,Norfolk Southern Corporation,NSC,Standard & Poor's Ratings Services,2016-09-16,Transportation,0.97947841,2.0,0.408721676,34.88319175,0.16868932,0.261124595,1.0,0.310881877,0.047804654,0.079316806,0.134418567,0.283388742,0.332358576,1.811830123,0.644359739,0.353989156,0.37804878,3.902687989,12.70159918,2.811830123,0.261124595,10.79806457,10.3232392,0.30683657,0.574485597,9,2016
BB,Lennar Corporation,LEN,Moody's Investors Service,2016-07-21,Basic Industries,9.475390913,1.012472745,0.847881999,6.817267289,0.083273432,0.121504029,0.979016528,0.121504029,0.059357961,0.096454677,0.129780608,0.712807909,63.07094474,1.186406088,0.542628423,0.313707422,0.84947145,1.974924572,6.332262008,2.186406088,0.121504029,9.706269953,2.324886343,0.046374799,0.48013984,7,2016
BB,Lennar Corporation,LEN,Moody's Investors Service,2015-06-26,Basic Industries,64.47069078,7.298423492,6.514474192,7.214460324,0.082124864,0.124653912,1.0,0.124653912,0.049305667,0.07599293,0.13236241,0.600374417,54.34195748,1.684527307,0.627494942,0.351718527,1.0,-3.899371442,6.341428918,2.684527307,0.124653912,7.532791467,-3.899371442,-0.101350521,108.7842023,6,2015
BB,Lennar Corporation,LEN,Moody's Investors Service,2016-02-26,Basic Industries,36.70380953,3.348990141,2.952716067,5.969598084,0.084747026,0.127677325,0.039387343,0.127677325,0.055681091,0.086233745,0.142131698,0.657027087,81.98558287,1.552602575,0.608242971,0.322760281,1.0,-2.045168113,5.648294987,2.552602575,0.127677325,7.184345178,-2.045168113,-0.044294453,144.5887867,2,2016
A,"Dominion Energy, Inc.",D,Egan-Jones Ratings Company,2015-09-21,Public Utilities,0.516133005,0.253940887,0.074753695,37.49037062,0.162543867,0.242061114,1.0,0.302661988,0.032297566,0.055804408,0.149952622,0.198700614,0.281152236,3.642845862,0.784614861,0.320014144,-0.245810056,-1.856853477,1.455097907,4.642845862,0.242061114,12.46560457,7.554017556,0.383035179,0.0,9,2015
AA,Cummins Inc.,CMI,Egan-Jones Ratings Company,2015-11-04,Energy,2.089666053,1.170391796,0.449907967,50.42386185,0.073207745,0.105965463,0.258869702,0.107639979,0.092440862,0.178713264,0.188900891,1.262719704,5.102803738,1.043478261,0.510638298,0.274074074,0.638659543,7.386081032,10.17200969,2.043478261,0.105965463,6.187397182,11.56497403,0.107744636,8.301875733,11,2015
AA,FedEx Corporation,FDX,Egan-Jones Ratings Company,2015-09-30,Transportation,1.83666275,3.148564714,0.631693806,0.0,0.022127157,0.034286557,1.0,0.039344193,0.028325555,0.052294934,0.070032682,1.280126251,2.273197605,1.472420463,0.595538051,0.354640443,0.189899366,3.600706714,66.27561837,2.472420463,0.034286557,11.55163019,18.96113074,0.113080311,1.800580833,9,2015
AA,FedEx Corporation,FDX,Egan-Jones Ratings Company,2015-06-18,Transportation,1.822853916,3.423381024,0.547439759,0.0,0.046020146,0.072179428,1.0,0.075624904,0.063410946,0.118488364,0.13726517,1.377895373,2.330792839,1.164692021,0.53804052,0.362420189,0.171435272,2.381107492,59.23452769,2.164692021,0.072179428,8.006408089,13.88925081,0.093576492,2.312024353,6,2015
A,Valero Energy Corporation,VLO,Egan-Jones Ratings Company,2015-06-15,Energy,1.664729459,0.739278557,0.369639279,0.0,0.027742961,0.042432209,0.097085078,0.04510715,0.079692645,0.15608659,0.175557383,2.872535675,4.894108846,1.202930793,0.546059276,0.320064841,0.492336713,3.969581749,14.02661597,2.202930793,0.042432209,4.018951528,8.062737643,0.032412644,17.47647929,6,2015
A,Valero Energy Corporation,VLO,Egan-Jones Ratings Company,2015-12-04,Energy,2.03423913,1.117934783,0.558967391,0.0,0.045442121,0.068003736,0.158796866,0.07241128,0.08998038,0.161452559,0.194378136,1.9801096,3.288169869,1.160227992,0.537085899,0.313180372,0.711637854,8.034205231,16.55533199,2.160227992,0.068003736,4.511510976,11.28973843,0.063903695,15.05217037,12,2015
BBB,Valero Energy Corporation,VLO,Moody's Investors Service,2016-09-07,Energy,2.017291066,1.156580211,0.578290106,0.0,0.030254167,0.042057125,0.128167171,0.047211832,0.049574427,0.084079799,0.114312825,1.638598315,2.858076458,1.30588294,0.566326641,0.240414833,0.734854772,7.68329718,20.89370933,2.30588294,0.042057125,6.337180754,10.45553145,0.063706895,10.37627812,9,2016
BBB,International Paper Company,IP,Egan-Jones Ratings Company,2015-11-10,Basic Industries,1.650611621,1.028797146,0.267584098,43.65638274,0.041940532,0.056606304,0.308383635,0.056606304,0.030666623,0.047481529,0.241503605,0.73119299,1.866861436,6.875128733,0.873017949,0.368088468,0.423643411,2.618591279,3.26305702,7.875128733,0.056606304,8.810646094,6.181121227,0.11535882,7.443695861,11,2015
BBB,International Paper Company,IP,Moody's Investors Service,2016-08-02,Basic Industries,1.711444008,1.064096267,0.253683694,51.96475165,0.042886285,0.045353195,0.281180322,0.045353195,0.027110511,0.032658081,0.208246948,0.632148748,1.506719085,6.681409813,0.869815565,0.258368201,0.456012914,2.748722938,3.24008757,7.681409813,0.045353195,15.42303207,6.027730479,0.117557759,6.562148116,8,2016
A,Dover Corporation,DOV,Egan-Jones Ratings Company,2015-04-23,Technology,1.420460597,0.916136679,0.334214168,55.87224136,0.099995124,0.141138319,0.383639024,0.156781458,0.085280766,0.155183972,0.209481926,0.852849247,9.261755005,1.456379493,0.59289678,0.288854851,0.825258587,4.704070981,4.088864493,2.456379493,0.141138319,7.736958032,5.700117582,0.122558666,7.765692342,4,2015
A,Dover Corporation,DOV,Egan-Jones Ratings Company,2015-07-23,Technology,1.770634049,1.08447522,0.264913523,58.79249073,0.125041707,0.115091174,0.369181884,0.132363547,0.100911011,0.110389667,0.238664042,0.807018824,8.142998283,1.365094147,0.577183851,0.255716266,0.837469536,5.042590043,2.297851147,2.365094147,0.115091174,7.891544736,6.021222061,0.136431364,6.74189866,7,2015
A,Dover Corporation,DOV,Moody's Investors Service,2016-11-02,Technology,1.334415802,0.832001249,0.179942669,67.9680777,0.07489938,0.101456771,0.363827579,0.105153082,0.050305699,0.084315016,0.133927899,0.671643737,7.18468599,1.662280847,0.624382228,0.261760661,0.808341309,4.488600859,2.249202801,2.662280847,0.101456771,12.18946028,5.552853489,0.12686659,5.205683846,11,2016
BBB,"Caterpillar, Inc.",CAT,Egan-Jones Ratings Company,2015-02-13,Capital Goods,1.394231804,0.804211357,0.263335366,51.17434401,0.066957814,0.092110032,0.279374456,0.096549725,0.043634345,0.089483135,0.219600618,0.651669206,3.32894975,4.032746939,0.801301354,0.271493213,0.808985975,10.56059624,23.78807518,5.032746939,0.092110032,5.572781062,13.05411536,0.146002464,6.103914045,2,2015
BBB,"Caterpillar, Inc.",CAT,Egan-Jones Ratings Company,2015-10-23,Capital Goods,1.308519941,0.745732426,0.245599361,51.98091936,0.04471294,0.060730467,0.28225309,0.069260386,0.026778093,0.054699774,0.141215989,0.59888913,2.921752641,4.273563991,0.810374919,0.259894921,0.792059925,8.89618038,21.73986202,5.273563991,0.060730467,5.61333418,11.23170116,0.141988045,6.717499502,10,2015
A,"Caterpillar, Inc.",CAT,Standard & Poor's Ratings Services,2016-10-21,Capital Goods,1.223289454,0.777475892,0.274299709,56.64854555,-0.001738589,0.003606923,0.265407271,0.012922646,-0.000896873,0.002861731,-0.005070764,0.515862604,2.515141626,4.653825778,0.823128614,1.381294964,0.80224679,7.699811741,24.53534143,5.653825778,0.003606923,15.29569564,9.597809345,0.145522485,6.135457304,10,2016
AA,Union Pacific Corporation,UNP,Egan-Jones Ratings Company,2015-08-24,Transportation,1.288209607,1.296631316,0.433873986,22.69013891,0.218768624,0.350983359,1.0,0.36913767,0.087399267,0.148966805,0.23050913,0.399505495,0.446383989,1.637426336,0.620842491,0.376698015,0.366830065,3.110136227,3.233664281,2.637426336,0.350983359,7.469833068,8.478411452,0.336679961,0.0,8,2015
A,Union Pacific Corporation,UNP,Moody's Investors Service,2016-08-02,Transportation,0.987912088,0.712912088,0.350824176,23.02642796,0.212276215,0.339300938,1.0,0.364675794,0.075971858,0.129920504,0.212372065,0.357891525,0.395741134,1.795404375,0.642270003,0.374371859,0.534219269,4.829408938,1.606198943,2.795404375,0.339300938,11.13095596,9.04012494,0.377363222,0.516655101,8,2016
A,Kimberly-Clark Corporation,KMB,Egan-Jones Ratings Company,2015-10-28,Consumer Durables,0.854622775,0.495668609,0.097495669,44.78322844,0.054488731,0.07180894,0.356301436,0.086762412,0.068252257,0.157188273,-5.82183908,1.25259399,2.616976351,-86.29885057,1.011723487,0.313108614,0.54206418,3.435953821,2.380428807,-85.29885057,0.07180894,22.83815006,6.338647609,0.124038513,4.581546708,10,2015
AA,Oracle Corporation,ORCL,Egan-Jones Ratings Company,2015-09-30,Technology,4.132038454,3.922961219,1.420181806,53.64333176,0.259980118,0.335740072,0.923376759,0.362868205,0.089609839,0.134230013,0.204220866,0.344679585,10.37059143,1.279000473,0.561211148,0.225650616,1.0,3.255222525,12.34514078,2.279000473,0.335740072,14.25443011,3.255222525,0.3750327,3.633995037,9,2015
A,Sempra Energy,SRE,Egan-Jones Ratings Company,2015-11-06,Public Utilities,0.626843018,0.382914137,0.087380746,45.77216303,0.131854169,0.116215424,0.993549018,0.059427231,0.032782503,0.032541464,0.114234906,0.248626974,0.364884625,2.484630367,0.713025516,0.286795627,-0.086402754,-1.011081616,1.945627173,3.484630367,0.116215424,16.02397273,11.70196053,0.283940964,0.058252427,11,2015
A,Sempra Energy,SRE,Egan-Jones Ratings Company,2015-04-14,Public Utilities,0.825409351,0.37581377,0.112448215,41.08110557,0.105210693,0.138106026,0.992931581,0.047213412,0.029220779,0.043966189,0.102507505,0.27773583,0.426028878,2.508034611,0.714940099,0.196850394,-0.445164276,-3.912302606,2.696316661,3.508034611,0.138106026,18.77899465,8.788446913,0.195831445,0.065108514,4,2015
BBB,Sempra Energy,SRE,Moody's Investors Service,2016-10-06,Public Utilities,0.524717395,0.307406783,0.058883077,49.8232348,0.134537955,0.179711284,0.992045566,0.054699008,0.028669485,0.043718197,0.105783337,0.213095886,0.309222313,2.689753687,0.728979199,0.212568306,-0.81716257,-7.573426266,1.726501397,3.689753687,0.179711284,17.15133388,9.267955415,0.227732495,0.060178306,10,2016
BBB,Laboratory Corporation of America Holdings,LH,Moody's Investors Service,2015-01-21,Health Care,1.733790843,1.430605347,0.594079689,49.52599973,0.085035598,0.072509814,0.366474815,0.151440548,0.070010134,0.068911548,0.18124446,0.823303843,7.643483789,1.588831767,0.613725383,0.720578114,0.724627876,6.314858491,6.851415094,2.588831767,0.072509814,10.53996366,8.714622642,0.122929004,13.49096706,1,2015
BBB,McKesson Corporation,MCK,Egan-Jones Ratings Company,2015-11-11,Health Care,1.094724901,0.63954981,0.159447115,32.78466307,0.008243738,0.014839845,0.063732581,0.016576838,0.027399295,0.13041771,0.18447694,3.323649527,87.55256724,5.732908386,0.851475775,0.306736921,0.879177378,11.64255319,22.72765957,6.732908386,0.014839845,14.27026349,13.24255319,0.017381105,6.661130096,11,2015
BBB,Eastman Chemical Company,EMN,Egan-Jones Ratings Company,2015-11-10,Basic Industries,1.399805447,0.647373541,0.142509728,29.96268657,0.087893864,0.117019071,0.267412935,0.14344942,0.054320671,0.083290299,0.215173814,0.618025751,1.880701754,2.961177366,0.747549805,0.243578388,0.595533499,6.460296097,3.627187079,3.961177366,0.117019071,8.103225575,10.84791386,0.16708126,4.349538462,11,2015
BBB,Eastman Chemical Company,EMN,Moody's Investors Service,2016-11-16,Basic Industries,1.596657382,0.775487465,0.100835655,32.90186501,0.094804618,0.116452043,0.260879218,0.153530195,0.055250049,0.076782316,0.188437776,0.582778029,1.707354056,2.410635481,0.706799508,0.181124881,0.54801444,5.152749491,3.93754243,3.410635481,0.116452043,9.091403974,9.402579769,0.15375222,4.403439153,11,2016
AA,Chevron Corporation,CVX,Moody's Investors Service,2016-04-08,Energy,1.335663543,0.914147521,0.416490326,33.89660377,0.033124634,0.034966095,0.833661908,0.034966095,0.017237686,0.020205392,0.030036146,0.520388722,0.735031529,0.742469682,0.426101923,0.027261462,-0.516447368,-5.379014989,6.066381156,1.742469682,0.034966095,7.303835542,10.41541756,0.140499866,1.704202427,4,2016
BB,"Williams Companies, Inc. (The)",WMB,Standard & Poor's Ratings Services,2015-06-22,Public Utilities,0.736268017,0.563303467,0.093494351,46.45541443,0.276810266,0.469294225,0.804635328,0.205447165,0.041809228,0.074672889,0.240856785,0.151039298,0.271963249,4.760852227,0.826414572,0.348493304,-0.905910165,-2.663608244,0.6589511,5.760852227,0.469294225,19.01697432,2.94025649,0.276941207,1.724855491,6,2015
BB,"Williams Companies, Inc. (The)",WMB,Standard & Poor's Ratings Services,2015-12-30,Public Utilities,0.611533841,0.473768522,0.040048058,51.27853261,-0.077581522,-0.232744565,0.77513587,0.030706522,-0.011648307,-0.036820497,-0.092875732,0.150142799,0.24882518,6.973324658,0.874581803,0.232924694,-0.182598954,-0.652634361,0.198859959,7.973324658,-0.232744565,19.52593192,3.574140731,0.363858696,2.224462366,12,2015
BB,"Williams Companies, Inc. (The)",WMB,Standard & Poor's Ratings Services,2016-07-01,Public Utilities,0.495761275,2.648016277,0.05764666,45.65542072,-0.056540872,-0.050006668,0.789305241,0.093345779,-0.009053059,-0.008544866,-0.091320267,0.160115298,0.263789222,9.087228085,0.900864738,0.066666667,0.440229258,2.148738532,9.153119934,10.08722809,-0.050006668,18.02089257,4.880953491,0.48859848,2.53611557,7,2016
A,Archer-Daniels-Midland Company,ADM,Moody's Investors Service,2016-08-08,Consumer Non-Durables,1.597585971,0.214074243,0.046990055,11.1526802,0.020514548,0.029224008,0.059089597,0.029224008,0.032160728,0.068506542,0.074442698,1.567703488,6.389219102,1.314708108,0.567980085,0.293084523,0.402033898,1.008503401,1.556122449,2.314708108,0.029224008,11.79516532,2.508503401,0.023658294,16.26788686,8,2016
A,Archer-Daniels-Midland Company,ADM,Egan-Jones Ratings Company,2015-09-21,Consumer Non-Durables,1.61636431,0.22850796,0.067382451,9.370033382,0.027310862,0.033736079,0.059377862,0.033736079,0.046044276,0.085697133,0.103209601,1.685932714,6.871206739,1.241529445,0.553876037,0.191768827,0.546553809,2.194174757,2.181229773,2.241529445,0.033736079,8.441977258,4.014563107,0.036645889,18.33103051,9,2015
BBB,Mosaic Company (The),MOS,Moody's Investors Service,2016-11-01,Basic Industries,2.070490249,1.240046046,0.455782774,28.0675155,0.04157592,0.033841514,0.113084269,0.044535656,0.01768335,0.015777244,0.031070676,0.425326738,0.778692178,0.757058198,0.430866888,-0.306105611,0.334096833,1.207191781,3.654394977,1.757058198,0.033841514,13.58657348,3.613299087,0.176760485,13.46502755,11,2016
BBB,Boston Scientific Corporation,BSX,Moody's Investors Service,2016-12-07,Health Care,0.902982994,0.561750767,0.054641762,64.06868591,0.041378488,0.021106606,0.710946816,0.053303124,0.019175508,0.012199325,0.051537205,0.46341733,5.144785276,1.687657805,0.627928824,-0.960451977,0.613168724,0.439010018,0.399970536,2.687657805,0.021106606,29.33548287,0.715969358,0.115907465,5.422818792,12,2016
BB,Boston Scientific Corporation,BSX,Egan-Jones Ratings Company,2015-07-30,Health Care,1.428395062,0.655967078,0.13127572,62.24087201,-0.031964692,-0.086933262,0.709375418,-0.043734118,-0.013180389,-0.041393364,-0.037816456,0.412342139,5.018120805,1.86914557,0.651464181,0.632307692,0.588333333,0.263197137,0.237846704,2.86914557,-0.086933262,60.39589121,0.447360573,0.080246088,10.39712919,7,2015
AA,General Dynamics Corporation,GD,Egan-Jones Ratings Company,2015-05-05,Capital Goods,1.265871573,0.947494728,0.319104065,47.91423571,0.082101647,0.123233502,0.502949566,0.126053416,0.071644746,0.175985929,0.214134754,0.872634705,9.267647942,1.988840984,0.665422147,0.296948974,0.860246781,9.567650779,26.78763216,2.988840984,0.123233502,10.07387145,11.12198382,0.120834954,7.455031599,5,2015
AA,General Dynamics Corporation,GD,Egan-Jones Ratings Company,2015-08-04,Capital Goods,1.170831659,0.850783447,0.223784652,39.96917601,0.094219708,0.130350504,0.495662398,0.132765579,0.092664937,0.209799509,0.276122183,0.983498453,9.079342181,1.979791395,0.664406038,0.277181863,0.772308924,6.006604152,22.22754759,2.979791395,0.130350504,9.355373393,7.777463097,0.079411484,8.08095723,8,2015
A,General Dynamics Corporation,GD,Moody's Investors Service,2016-08-09,Capital Goods,1.202475479,0.873968551,0.181690799,42.03792301,0.094249354,0.134947214,0.507447453,0.137435014,0.089894135,0.211275342,0.269223761,0.95379046,9.043265071,1.994897959,0.666098807,0.27629402,0.821656051,5.927005287,24.99450292,2.994897959,0.134947214,11.99955622,7.213487055,0.070104934,6.084712372,8,2016
A,Northrop Grumman Corporation,NOC,Egan-Jones Ratings Company,2015-05-11,Capital Goods,1.389002037,1.131873727,0.655634759,42.7119563,0.086283832,0.122482172,0.56499437,0.13328329,0.077863917,0.142021277,0.285970974,0.902416077,8.017051153,2.672702142,0.727720909,0.295539666,0.783648284,9.731800766,18.50095785,3.672702142,0.122482172,9.523280481,12.41858238,0.108136286,7.993103448,5,2015
A,Northrop Grumman Corporation,NOC,Egan-Jones Ratings Company,2015-09-16,Capital Goods,1.160711013,0.945574491,0.424958769,44.07740372,0.084587265,0.118592196,0.560783814,0.130748959,0.08137728,0.146865295,0.360376675,0.962051198,7.678198433,3.428467946,0.774188272,0.286738351,0.782146161,8.928194298,12.24392819,4.428467946,0.118592196,11.0802608,11.41499472,0.091898325,8.060062402,9,2015
BBB,Northrop Grumman Corporation,NOC,Moody's Investors Service,2016-11-28,Capital Goods,1.217761989,1.037300178,0.451332149,49.13232414,0.089766607,0.119267178,0.55108536,0.130283989,0.085890529,0.146267014,0.418330481,0.956820489,6.830546265,3.870507701,0.794682595,0.247348614,0.672947032,10.58133035,14.20346562,4.870507701,0.119267178,12.49190792,15.72386808,0.114778848,7.07979408,11,2016
BBB,HP Inc.,HPQ,Egan-Jones Ratings Company,2015-04-07,Technology,1.146564536,0.675271522,0.346015777,45.29832936,0.044978197,0.058831446,0.493342545,0.064466058,0.048572757,0.110255419,0.187535072,1.079917834,9.828395062,2.860910553,0.740993741,0.23547354,0.687586151,4.505844846,8.34272051,3.860910553,0.058831446,3.279684,6.553134963,0.110655517,3.550839464,4,2015
BBB,"Fidelity National Information Services, Inc.",FIS,Standard & Poor's Ratings Services,2015-05-28,Miscellaneous,1.546750891,1.099818625,0.308211896,64.10178054,0.105881069,0.164239608,0.324472232,0.198104088,0.046768362,0.081522412,0.103573444,0.441706553,13.27084627,1.214604908,0.548452188,0.318112778,0.872521246,3.568820225,2.219452247,2.214604908,0.164239608,11.66386518,4.090238764,0.181623998,5.932767356,5,2015
BBB,"Fidelity National Information Services, Inc.",FIS,Standard & Poor's Ratings Services,2016-01-11,Miscellaneous,1.485426625,1.063412158,0.290875249,94.14998787,0.095751456,0.157220403,0.333879185,0.166666667,0.024039926,0.043376044,0.067750241,0.251065903,10.79941051,1.818238386,0.645168413,0.365319703,0.882751341,3.521403509,2.85122807,2.818238386,0.157220403,15.64964878,3.989122807,0.172382945,3.702966959,1,2016
BBB,Textron Inc.,TXT,Standard & Poor's Ratings Services,2016-01-20,Capital Goods,1.724299065,0.485431556,0.225948323,27.22114137,0.043233895,0.061464188,0.177042802,0.061464188,0.041081821,0.077778791,0.140449438,0.950222527,5.557869443,2.418773408,0.707497432,0.29073857,0.64486755,2.788027587,2.616236413,3.418773408,0.061464188,10.69263248,4.3234112,0.087044243,11.26331361,1,2016
BBB,Nucor Corporation,NUE,Egan-Jones Ratings Company,2015-10-27,Basic Industries,4.154268095,2.471382275,1.400163734,30.72491727,0.021756372,0.043142898,0.096188056,0.043142898,0.025098174,0.055128297,0.048222311,1.153601103,3.361022646,0.921347365,0.479531906,0.300539452,0.826557468,5.561804938,6.362107529,1.921347365,0.043142898,10.64173663,6.728878699,0.131212774,26.22648876,10,2015
BBB,"Plains All American Pipeline, L.P.",PAA,Moody's Investors Service,2016-11-15,Energy,0.915951973,1.001072041,0.010077187,41.21667823,0.035972649,0.037409573,0.146120305,0.049251809,0.029987608,0.038626829,0.082886174,0.83362247,1.454873126,1.764014157,0.638207352,0.112582781,-0.837465565,-1.310344828,5.150862069,2.764014157,0.037409573,10.97747312,1.564655172,0.035972649,6.658809892,11,2016
BBB,"Plains All American Pipeline, L.P.",PAA,Standard & Poor's Ratings Services,2015-08-11,Energy,0.871441151,1.126797769,0.007924861,28.1411973,0.03900311,0.04345197,0.147978576,0.05450933,0.040515075,0.053281076,0.114579368,1.038765255,1.718272228,1.828067504,0.646401651,0.083499006,-0.546875,-1.865482234,5.21319797,2.828067504,0.04345197,5.883317591,3.411167513,0.05805114,9.679097154,8,2015
B,V.F. Corporation,VFC,Moody's Investors Service,2016-06-07,Consumer Non-Durables,2.143666323,1.198249228,0.486096807,39.12989279,0.090251724,0.141859885,0.482090917,0.148923793,0.112655498,0.21398584,0.201671123,1.248236515,12.73333333,0.790157846,0.441390041,-0.229642648,0.824746467,2.323583138,2.428571429,1.790157846,0.136895454,15.3184355,2.817330211,0.099975069,8.750367107,6,2016
CCC,V.F. Corporation,VFC,Standard & Poor's Ratings Services,2016-08-29,Consumer Non-Durables,2.404558082,1.468734177,0.687723759,36.37177476,0.089367313,0.117779403,0.484455158,0.124737967,0.110285897,0.177974744,0.217389835,1.234074219,12.79093599,0.971148092,0.492681446,0.171704963,1.0,3.880186486,3.740200693,1.971148092,0.117779403,10.939432,3.880186486,0.122965191,9.322787838,8,2016
AA,International Business Machines Corporation,IBM,Standard & Poor's Ratings Services,2015-12-18,Technology,1.240304649,0.482272608,0.224284339,37.20953989,0.161363331,0.195067347,0.497718403,0.195067347,0.119371917,0.209180595,0.924835226,0.73977103,7.620117461,6.747510868,0.870926286,0.161868924,0.789569614,13.72063872,8.371949786,7.747510868,0.195067347,7.794976213,17.37736416,0.208071837,6.811048441,12,2015
AA,International Business Machines Corporation,IBM,Standard & Poor's Ratings Services,2015-02-13,Technology,1.248030303,0.585075758,0.214040404,35.75539103,0.129557186,0.215382626,0.500113155,0.215382626,0.102287037,0.256454345,1.01297607,0.789512643,8.615077523,8.903269296,0.899023245,0.211848294,0.778278397,13.07214815,14.01910221,9.903269296,0.215382626,7.610631173,16.79623667,0.181780953,6.757867133,2,2015
AA,Apple Inc.,AAPL,Standard & Poor's Ratings Services,2016-05-20,Technology,1.108770624,0.725096142,0.262002233,26.31360845,0.228457737,0.310271057,0.40059902,0.304772907,0.183813632,0.345525066,0.447354531,0.804584841,10.40073873,1.433739684,0.589109712,0.263683376,0.858637068,12.12808866,7.230654597,2.433739684,0.310271057,7.845289232,14.12481374,0.347714096,3.947280924,5,2016
AA,Apple Inc.,AAPL,Standard & Poor's Ratings Services,2015-05-28,Technology,1.080112848,0.670423024,0.218194427,34.86364507,0.216143768,0.292584589,0.385880358,0.287223392,0.17041999,0.317611986,0.354200472,0.788456644,8.863217611,1.078397447,0.518860071,0.261260587,0.835663926,8.199722228,4.120730147,2.078397447,0.292584589,10.93658246,9.812224718,0.326666484,3.717644721,5,2015
BBB,Quest Diagnostics Incorporated,DGX,Moody's Investors Service,2016-05-23,Health Care,1.279624893,1.284739983,0.113384484,43.88963032,0.094621647,0.147204057,0.378486587,0.186707594,0.071170448,0.125497781,0.151366354,0.752158201,8.100540541,1.126814688,0.529813291,0.338168631,0.675308642,3.798611111,4.208333333,2.126814688,0.147204057,7.618602466,5.625,0.108100894,4.59270217,5,2016
A,"Pepsico, Inc.",PEP,Standard & Poor's Ratings Services,2016-04-21,Consumer Non-Durables,1.310217317,1.049379907,0.517465013,37.26060962,0.086462827,0.118022076,0.549860442,0.132469551,0.078257999,0.142870856,0.451773285,0.905105717,3.864435864,4.772870401,0.826775948,0.260816985,0.739319471,5.324710688,8.174948945,5.772870401,0.118022076,15.33325843,7.202178353,0.167787364,2.101428889,4,2016
A,"Pepsico, Inc.",PEP,Standard & Poor's Ratings Services,2015-06-29,Consumer Non-Durables,1.142107009,0.849933672,0.339044882,36.4053057,0.097671071,0.131322826,0.536853471,0.143679798,0.092371187,0.16706412,0.370519968,0.945737424,3.867026212,3.011207191,0.750698492,0.251113395,0.727869789,5.067594433,5.782637508,4.011207191,0.131322826,14.0657226,6.96222664,0.1575514,2.372771973,6,2015
A,Campbell Soup Company,CPB,Egan-Jones Ratings Company,2015-12-10,Consumer Non-Durables,0.74554526,0.300071276,0.090163934,25.15528335,0.085498639,0.122494432,0.347067558,0.135486266,0.085424651,0.187393526,0.500724638,0.999134627,3.443544951,4.861594203,0.829397948,0.302020202,0.678510998,2.570512821,0.913461538,5.861594203,0.122494432,13.20846924,3.788461538,0.146250928,9.700367647,12,2015
A,Omnicom Group Inc.,OMC,Egan-Jones Ratings Company,2015-08-05,Technology,0.842534249,0.692044783,0.183211905,174.1481988,0.072279046,0.117520351,1.0,0.126869912,0.049473784,0.225393164,0.446052846,0.684483078,21.84841923,8.015943565,0.889085375,0.328123243,0.906688763,8.065520066,10.72768223,9.015943565,0.117520351,9.024736603,8.895577396,0.143533936,0.0,8,2015
BBB,S&P Global Inc.,SPGI,Fitch Ratings,2015-05-21,Finance,0.99974792,0.865137383,0.629442904,67.34903979,-0.022767769,0.010690952,0.677885567,0.022371808,-0.016984197,0.019258203,-0.235655738,0.745975484,24.51941748,12.875,0.927927928,4.537037037,0.923904053,4.114180479,9.208103131,13.875,0.010690952,93.06461538,4.453038674,0.239358543,8.518324607,5,2015
A,S&P Global Inc.,SPGI,Egan-Jones Ratings Company,2015-11-17,Finance,1.133425034,0.85213205,0.509284732,68.08112178,0.217579522,0.341614907,0.685300207,0.3608131,0.141268483,0.344075829,5.958762887,0.649272883,19.67777778,41.18041237,0.976292313,0.30137741,0.287179487,0.206185567,5.474963181,42.18041237,0.341614907,12.1607676,0.717967599,0.036702428,8.116504854,11,2015
BBB,S&P Global Inc.,SPGI,Fitch Ratings,2016-09-19,Finance,1.405974722,1.348908464,0.91612409,72.34234234,0.372019078,0.563151387,0.68751104,0.595124536,0.242934595,0.526246286,3.24,0.653016496,20.88929889,12.33692308,0.925020187,0.301129235,0.921448087,5.133181126,9.132420091,13.33692308,0.563151387,9.259418592,5.570776256,0.258611553,9.666666667,9,2016
BBB,Ball Corporation,BLL,Egan-Jones Ratings Company,2015-05-29,Consumer Durables,1.152830377,0.495216265,0.095375723,33.77421237,0.054842474,0.058109685,0.167292882,0.097852975,0.062078986,0.089500737,0.454941438,1.131950865,3.525733328,6.328429,0.863545106,0.301004016,0.614024691,4.488549398,1.449735755,7.328429,0.058109685,6.619694828,7.310047073,0.118144691,5.151865672,5,2015
BB,Ball Corporation,BLL,Standard & Poor's Ratings Services,2015-11-30,Consumer Durables,1.019798282,0.466146806,0.104594696,34.4095911,0.035125672,0.043203701,0.161935726,0.075678379,0.028730694,0.045249758,0.224486534,0.817940063,2.977400499,6.813473987,0.872015956,0.136034732,0.47561339,3.487254188,1.7800437,7.813473987,0.043203701,10.94966431,7.332119446,0.125884707,4.304570896,11,2015
BBB,Ball Corporation,BLL,Standard & Poor's Ratings Services,2016-07-05,Consumer Durables,1.2303806,0.604580667,0.201077804,46.64716919,0.029025494,0.013795387,0.156715594,0.051098113,0.016261671,0.009466828,0.076564774,0.560254746,2.065420561,3.708296943,0.787608978,-1.008,-2.12371134,-2.603130074,4.024742372,4.708296943,0.013795387,14.17825659,1.225745715,0.02141044,3.588785047,7,2016
BBB,Owens Corning Inc,OC,Standard & Poor's Ratings Services,2016-08-03,Capital Goods,1.646936656,0.116303219,0.116303219,0.0,0.069226704,0.103928131,0.243262286,0.123128413,0.050768635,0.087046326,0.102104443,0.733367782,1.824228792,1.011171733,0.502777419,0.318644068,0.56097561,4.624125874,0.979020979,2.011171733,0.103928131,7.98440691,8.243006993,0.16610886,4.475,8,2016
BBB,Owens Corning Inc,OC,Egan-Jones Ratings Company,2015-10-30,Capital Goods,1.376902417,0.085944494,0.085944494,0.0,0.061682243,0.084672897,0.215514019,0.084672897,0.044715447,0.072329555,0.088258893,0.724932249,1.809878214,0.973789783,0.493360434,0.264900662,0.446091644,2.824232082,0.819112628,1.973789783,0.084672897,9.53847012,6.33105802,0.138691589,4.42721519,10,2015
BBB,Devon Energy Corporation,DVN,Standard & Poor's Ratings Services,2016-03-18,Energy,1.22185129,1.049468892,0.701062215,30.68276911,-1.09958159,-1.617953595,1.0,-1.576797261,-0.489435189,-0.810610969,-2.050503618,0.445110389,0.689374869,3.18953043,0.761309766,0.285170209,0.013932751,0.184275184,5.781326781,4.18953043,-1.617953595,-1.259137402,13.22604423,0.409509319,0.0,3,2016
A,BorgWarner Inc.,BWA,Egan-Jones Ratings Company,2015-11-06,Capital Goods,1.330080611,0.439966059,0.244802715,0.0,0.080518509,0.115418173,0.212264739,0.117038514,0.073068657,0.142813078,0.181818182,0.90747653,3.277369281,2.48831973,1.0,0.30237581,1.0,3.863395332,4.620923828,2.48831973,0.115418173,6.812386847,3.863395332,0.108064315,3.386923901,11,2015
A,Eli Lilly and Company,LLY,Fitch Ratings,2015-05-26,Health Care,1.086754406,0.719304037,0.345447245,60.18826852,0.121867289,0.152954791,0.748541977,0.152954791,0.064298433,0.115526343,0.155497879,0.527610266,2.463064579,1.418377436,0.586499615,0.203246342,0.929403952,3.793512111,4.511501666,2.418377436,0.152954791,18.5463211,4.081661264,0.222634026,4.372396064,5,2015
A,Eli Lilly and Company,LLY,Egan-Jones Ratings Company,2015-10-28,Health Care,1.527850685,0.967823467,0.445513755,64.24491575,0.120669182,0.139788664,0.747618833,0.139788664,0.067710837,0.102050894,0.165283811,0.561127839,2.478264109,1.44102448,0.59033594,0.136774194,1.0,2.611136694,4.192245504,2.44102448,0.139788664,20.93781405,2.611136694,0.138926884,3.764160813,10,2015
BBB,Vulcan Materials Company,VMC,Egan-Jones Ratings Company,2015-09-18,Basic Industries,3.068332206,2.042285397,0.803612096,42.37349077,0.064630421,0.095803524,0.250580843,0.160651351,0.026642593,0.041249458,0.049655964,0.412229909,1.084241625,0.863781232,0.463456342,0.289586619,0.425358279,1.607356805,2.436889122,1.863781232,0.095803524,16.3054932,3.778830418,0.147092746,14.5943356,9,2015
A,"Baidu, Inc.",BIDU,Moody's Investors Service,2015-06-22,Technology,3.248051613,3.025789532,0.683382807,27.26729202,0.249598428,0.2950839,0.61499388,0.2950839,0.122849668,0.182320505,0.237617323,0.492189269,5.634723638,0.876377699,0.453092846,0.0,1.0,82.45138833,265.093733,1.934212174,0.2950839,3.305843151,82.45138833,0.365674488,1.456659817,6,2015
A,Bristol-Myers Squibb Company,BMY,Egan-Jones Ratings Company,2015-11-11,Health Care,1.299114382,0.900336784,0.297492828,64.97705314,0.094504831,0.125422705,0.763949275,0.125422705,0.049294444,0.08752265,0.109701388,0.52160766,3.753399819,1.225431095,0.55064886,0.214732788,0.552401747,0.607078584,2.561487702,2.225431095,0.125422705,40.00174944,1.098980204,0.110628019,2.497763578,11,2015
BBB,"General Mills, Inc.",GIS,Standard & Poor's Ratings Services,2016-09-19,Consumer Non-Durables,0.785131713,0.464294973,0.152292261,30.64015794,0.102480816,0.117212358,0.351957061,0.163459739,0.078176886,0.116268206,0.344286236,0.762844102,4.424377604,3.403938988,0.772930551,0.388997631,0.722678531,3.173317749,1.566037736,4.403938988,0.117212358,14.10980667,4.391050259,0.158774626,5.244857073,9,2016
BBB,"General Mills, Inc.",GIS,Standard & Poor's Ratings Services,2015-09-22,Consumer Non-Durables,0.774155948,0.359317805,0.068342161,29.23262792,0.069272786,0.075926104,0.337441791,0.117825562,0.05560336,0.07839807,0.244421318,0.802672494,4.660032247,3.395801229,0.772510187,0.438368445,0.719836401,3.033979778,0.572020554,4.395801229,0.075926104,15.71495198,4.214818498,0.144228969,6.93652019,9,2015
BBB,Johnson Controls International plc,JCI,Moody's Investors Service,2016-11-28,Consumer Services,1.050082858,0.669612717,0.041981219,77.68142486,-0.023039762,0.042097999,0.194139194,0.042097999,-0.013722669,0.033773424,-0.035989717,0.595608113,4.785823171,1.622646986,0.618705832,1.4110971,0.340897098,0.967935271,4.333233443,2.622646986,0.042097999,17.23332966,2.839376686,0.050299942,4.488468362,11,2016
AA,Johnson Controls International plc,JCI,Egan-Jones Ratings Company,2015-08-24,Consumer Services,1.210143043,0.890507152,0.364369311,65.42870127,0.055645324,0.072207635,0.588769945,0.089274894,0.044720396,0.104294479,0.136352388,0.803668533,8.328006728,2.048997773,0.672023375,0.13986014,0.546125461,0.703087886,3.916864608,3.048997773,0.089274894,14.47226754,1.287410926,0.054736417,5.187261146,8,2015
BBB,Corning Incorporated,GLW,Moody's Investors Service,2015-10-28,Basic Industries,2.938521677,2.122245913,1.599147122,54.96432883,0.146965207,0.046756668,0.400943914,0.14509933,0.046905104,0.016554619,0.071268895,0.31915788,0.720351044,0.519427294,0.341857288,0.345070423,0.622997508,1.435602953,3.773584906,1.519427294,0.046756668,9.045327215,2.304347826,0.308308638,5.843683084,10,2015
A,Corning Incorporated,GLW,Moody's Investors Service,2015-05-05,Basic Industries,4.405335628,3.256884682,2.284423408,56.39372105,0.254451879,0.245393721,0.417086979,0.198764797,0.082227323,0.085943978,0.114555818,0.323154708,0.761005797,0.393160017,0.282207365,0.459731544,0.978551709,3.531034483,4.649808429,1.393160017,0.245393721,9.25386458,3.608429119,0.484714359,5.68004012,5,2015
BBB,Southern Company (The),SO,Moody's Investors Service,2016-09-13,Public Utilities,0.752651544,0.283966865,0.15289928,28.71054483,0.016988339,0.17490953,1.0,0.232659831,0.003081215,0.035957843,0.013652153,0.181372326,0.253626699,3.430769852,0.774305587,0.273275862,-0.493665713,-2.540483701,2.211356467,4.430769852,0.17490953,11.85337129,5.146161935,0.245979091,0.27962298,9,2016
A,Sherwin-Williams Company (The),SHW,Moody's Investors Service,2015-07-28,Consumer Services,1.241386104,0.657327116,0.096058611,35.86731381,0.092937715,0.136604504,0.49026166,0.136604504,0.181953623,0.424384027,1.214237651,1.957801775,10.88369093,5.673335945,0.850149909,0.31963654,0.838102943,13.15791486,3.184771096,6.673335945,0.136604504,14.47139839,15.69964045,0.127650074,4.993324758,7,2015
A,Illinois Tool Works Inc.,ITW,Standard & Poor's Ratings Services,2015-03-26,Technology,2.285876026,1.129351826,1.129351826,0.0,0.203396852,0.186343552,0.401201326,0.199392433,0.166647811,0.190809473,0.431711606,0.819323453,8.590747331,1.59056272,0.613983482,0.299740645,0.776608911,3.124222056,9.932785661,2.59056272,0.186343552,12.03571517,4.022902664,0.111571389,16.93945313,3,2015
A,Illinois Tool Works Inc.,ITW,Standard & Poor's Ratings Services,2016-03-25,Technology,2.837837838,1.304898649,1.304898649,0.0,0.141663558,0.202834763,0.41156285,0.21387542,0.120732405,0.203502732,0.363236419,0.852247441,8.500317058,2.008607498,0.667620319,0.301581464,0.87646803,5.477031802,8.399021473,3.008607498,0.202834763,11.20477063,6.248980701,0.17150317,17.56792873,3,2016
A,Magellan Midstream Partners L.P.,MMP,Egan-Jones Ratings Company,2015-03-23,Energy,0.751027222,0.313321707,0.031824752,13.38256596,0.337489794,0.364418378,1.0,0.422894159,0.14091768,0.168539869,0.416159548,0.417546493,0.53211949,1.953210333,0.661385446,0.005503151,0.66906469,3.259948957,0.367526181,2.953210333,0.364418378,18.11930857,4.872397254,0.48065718,6.121475121,3,2015
A,Magellan Midstream Partners L.P.,MMP,Egan-Jones Ratings Company,2015-11-11,Energy,0.475203065,0.192175545,0.040291864,13.99205055,0.367525371,0.374292708,1.0,0.440320171,0.1331297,0.153724832,0.397832358,0.362232679,0.454108531,1.988306584,0.665362314,0.002851834,0.419317897,1.971175566,0.233539881,2.988306584,0.374292708,15.94649435,4.70090969,0.488789113,4.29681826,11,2015
BBB,Magellan Midstream Partners L.P.,MMP,Standard & Poor's Ratings Services,2016-08-18,Energy,0.769001113,0.407033235,0.030521783,17.4917521,0.36178307,0.364000798,1.0,0.423981028,0.117819167,0.12761809,0.381376652,0.325662467,0.418028482,2.236966118,0.691068747,0.004008615,0.300693955,1.271820679,0.396448847,3.236966118,0.364000798,20.00354258,4.229618385,0.43712507,6.386417771,8,2016
A,"Nordstrom, Inc.",JWN,Standard & Poor's Ratings Services,2016-01-07,Consumer Services,1.865714286,1.084285714,0.295357143,59.69828224,0.05330964,0.087738783,0.348289649,0.05330964,0.077879935,0.18386346,0.295081967,1.460897783,4.043712575,2.788934426,0.736073553,0.392405063,0.294262295,1.889473684,4.352631579,3.788934426,0.087738783,15.30659722,6.421052632,0.090330224,6.628012048,1,2016
A,Hershey Company (The),HSY,Moody's Investors Service,2016-08-02,Consumer Non-Durables,0.951470141,0.46000221,0.15552546,28.52135788,0.096777753,0.147776109,0.424437389,0.162063665,0.130340441,0.304153377,0.916254377,1.346801686,3.417240939,6.02970137,0.857746446,0.345105554,0.725996085,11.7782745,4.898828769,7.02970137,0.147776109,5.585011077,16.22360607,0.132184284,8.195205689,8,2016
A,Hershey Company (The),HSY,Moody's Investors Service,2015-08-18,Consumer Non-Durables,0.833485729,0.426347844,0.156241095,29.60237123,0.069443207,0.122091873,0.457945888,0.140491613,0.095979677,0.288456365,0.513980503,1.382131967,3.296923846,4.35509726,0.813262028,0.431221704,0.72851466,14.59500165,5.716413725,5.35509726,0.122091873,5.497610251,20.0339162,0.164412819,8.442416281,8,2015
A,"Applied Materials, Inc.",AMAT,Moody's Investors Service,2015-09-21,Technology,2.438388626,1.765139547,1.263033175,65.71435966,0.142561342,0.165441557,0.409152086,0.175276944,0.089952966,0.138835795,0.180874819,0.630977267,10.82847534,1.01077105,0.502678338,0.138297872,0.815133276,0.780889621,4.089785832,2.01077105,0.165441557,10.68717054,0.957990115,0.120405839,3.113475177,9,2015
BBB,Pioneer Natural Resources Company,PXD,Moody's Investors Service,2015-11-30,Energy,2.184678523,1.68878249,0.951436389,29.04870466,-0.056580311,-0.087253886,1.0,-0.087253886,-0.018015046,-0.030747882,-0.032624283,0.318397783,3.168089297,0.810946463,0.44780256,0.368171021,1.0,8.375838926,13.99328859,1.810946463,-0.087253886,19.3400653,8.375838926,0.25865285,0.0,11,2015
BBB,Teva Pharmaceutical Industries Limited,TEVA,Standard & Poor's Ratings Services,2016-07-13,Health Care,0.931847685,0.460352661,0.053440069,125.3661599,0.015020773,0.038807469,0.532027576,0.063233347,0.003535468,0.029234669,0.009868914,0.235371869,2.7131178,1.74172841,0.623961658,0.612941176,0.768380463,3.29307228,1.088509673,2.791402946,0.099529745,17.857594,4.285731405,0.177601242,4.751970329,7,2016
BBB,Teva Pharmaceutical Industries Limited,TEVA,Standard & Poor's Ratings Services,2016-03-23,Health Care,1.414686659,0.945482507,0.534102268,99.36647669,0.080806025,0.113067372,0.577854671,0.162120904,0.029281065,0.078150771,0.053344083,0.362362399,3.003056235,0.81648695,0.448177309,0.285328533,0.860700108,5.599433515,8.153808217,1.821794484,0.163952778,12.22297653,6.505673069,0.28200692,4.325338895,3,2016
AA,Texas Instruments Incorporated,TXN,Egan-Jones Ratings Company,2015-01-28,Technology,2.918106687,1.798271976,0.450413223,34.86316596,0.216251437,0.29697202,0.569336911,0.302568034,0.159180679,0.257237716,0.271511068,0.736090735,4.593309859,0.705678537,0.413723056,0.271812081,0.901079137,3.292957746,3.324882629,1.705678537,0.29697202,11.66066255,3.654460094,0.298351859,12.85583524,1,2015
AA,Texas Instruments Incorporated,TXN,Egan-Jones Ratings Company,2015-10-28,Technology,2.768688845,1.715459883,0.391389432,32.70961538,0.229692308,0.324307692,0.581538462,0.328769231,0.183980283,0.308299817,0.300221194,0.800985829,5.00770416,0.631811784,0.387184227,0.291745731,0.870899719,3.608737864,3.124271845,1.631811784,0.324307692,10.65986684,4.14368932,0.328307692,14.09326425,10,2015
BBB,Crown Castle International Corporation,CCI,Fitch Ratings,2016-01-11,Consumer Services,1.147159881,0.57531428,0.209044284,31.21116006,0.415134786,0.129325401,0.902409514,0.258247401,0.069022286,0.022370605,0.214549948,0.166264761,0.382445637,2.108415579,0.678292695,-0.10859825,0.493378297,2.658041093,0.536963742,3.108415579,0.129325401,20.19090045,5.387430106,0.489655556,2.239925076,1,2016
BBB,Crown Castle International Corporation,CCI,Egan-Jones Ratings Company,2015-04-30,Consumer Services,1.036228426,0.561607903,0.195364515,32.56703598,0.105833408,0.105188673,0.890023643,0.269270253,0.018469844,0.019172469,0.058144717,0.174518083,0.403340464,2.148089291,0.682347002,-0.027413213,0.531803041,2.666408869,0.528495164,3.148089291,0.105188673,19.39775013,5.013903016,0.45153994,2.420345696,4,2015
A,"Walgreens Boots Alliance, Inc.",WBA,Egan-Jones Ratings Company,2015-04-13,Health Care,1.376278808,0.659246768,0.297470489,15.37556289,0.025290606,0.04526652,0.282346319,0.054901037,0.051865772,0.127455475,0.094184176,2.050791946,6.232520193,0.810851655,0.44652349,0.441295547,0.715900334,2.913563411,2.766160311,1.815921611,0.047308619,11.87410699,4.06978915,0.050960834,12.70521437,4,2015
BBB,"Walgreens Boots Alliance, Inc.",WBA,Egan-Jones Ratings Company,2015-10-27,Health Care,1.187231986,0.59485414,0.181192245,24.16655388,0.04079502,0.051341789,0.260276091,0.045125865,0.061353261,0.101694591,0.136742166,1.503939984,6.865144677,1.2287677,0.551321567,0.198832612,0.779131356,4.230253067,2.875766871,2.2287677,0.051341789,13.64208096,5.429447853,0.054754263,7.585249802,10,2015
AA,3M Company,MMM,Egan-Jones Ratings Company,2015-01-28,Health Care,1.961487162,1.12720907,0.316272091,48.61160869,0.155746205,0.220797586,0.483140065,0.224222997,0.158495635,0.278026196,0.378060874,1.017653267,3.748498056,1.385307804,0.580766894,0.288642186,0.774675521,7.906654344,3.886321627,2.385307804,0.220797586,12.91175934,10.20640789,0.208227271,9.101826231,1,2015
AA,3M Company,MMM,Egan-Jones Ratings Company,2015-10-27,Health Care,1.543411071,0.852767631,0.252599045,50.08290943,0.159641937,0.225374909,0.491874215,0.229437801,0.147716853,0.266523438,0.41279467,0.925301058,3.555372871,1.794499488,0.642154166,0.290488055,0.772429907,7.926790281,3.062659847,2.794499488,0.225374909,12.34513781,10.26214834,0.212063157,9.080873672,10,2015
BBB,MPLX LP,MPLX,Fitch Ratings,2016-09-14,Energy,1.051136364,0.927556818,0.332386364,41.85521236,0.08996139,0.094980695,0.863320463,0.094980695,0.013997357,0.015430937,0.022619163,0.155592935,0.24137931,0.615959616,0.381172654,-0.048780488,0.063664596,0.24260355,1.053254438,1.615959616,0.094980695,20.11121718,3.810650888,0.497297297,2.87804878,9,2016
BBB,MPLX LP,MPLX,Standard & Poor's Ratings Services,2015-12-28,Energy,0.774509804,0.612745098,0.070261438,126.685633,0.221906117,0.226173542,0.755334282,0.226173542,0.009950883,0.010554265,0.01688129,0.044842763,0.072601466,0.696461422,0.41053773,0.012578616,-0.10460251,-0.252525253,1.323232323,1.696461422,0.226173542,33.34770161,2.414141414,0.33997155,1.93258427,12,2015
BBB,MPLX LP,MPLX,Moody's Investors Service,2015-02-09,Energy,0.966202783,0.780318091,0.271371769,6.790078424,0.221229254,0.324639796,0.734999088,0.324639796,0.099876492,0.159798905,0.264731558,0.451461507,0.543624826,1.650589262,0.622725401,-0.000561798,0.681523501,2.216073781,0.899868248,2.650589262,0.324639796,29.1612007,3.251646904,0.450118548,3.443127962,2,2015
BBB,"Mohawk Industries, Inc.",MHK,Standard & Poor's Ratings Services,2016-08-10,Consumer Durables,1.277079961,0.649496748,0.044757424,56.47915798,0.103845626,0.138532531,0.313963354,0.142865339,0.090939179,0.165212913,0.161061178,0.875715061,2.658208292,0.77108678,0.435374928,0.247806627,0.493711362,8.844704739,5.117591493,1.77108678,0.138532531,10.86549022,17.91472795,0.148179496,4.601935336,8,2016
BBB,"Mohawk Industries, Inc.",MHK,Standard & Poor's Ratings Services,2015-06-02,Consumer Durables,1.601517322,0.796283798,0.050044125,50.58597766,0.068170524,0.085076644,0.276056501,0.099032658,0.064203992,0.104884569,0.120408392,0.941814563,2.88673318,0.875403519,0.466781421,0.198281043,0.151594411,1.37820064,6.533629886,1.875403519,0.085076644,12.67615564,9.091368398,0.084858407,5.114719753,6,2015
BBB,"Mohawk Industries, Inc.",MHK,Standard & Poor's Ratings Services,2015-08-27,Consumer Durables,0.997221257,0.490278083,0.025066369,56.23316636,0.076230837,0.092777694,0.298664088,0.103767511,0.061886891,0.112048983,0.126757328,0.811835394,2.564747493,1.048209654,0.51176873,0.176100772,0.447667603,5.552750422,4.819318244,2.048209654,0.092777694,12.79109338,12.40373524,0.112973534,4.506977966,8,2015
BBB,"Delta Air Lines, Inc.",DAL,Fitch Ratings,2015-09-14,Transportation,0.516718019,0.196108639,0.112518544,0.0,0.111193003,0.175830385,1.0,0.191676494,0.085180863,0.200994159,0.417142857,0.766063161,1.766743348,3.897142857,0.7957993,0.367612128,0.628484925,6.250941029,4.312421581,4.897142857,0.175830385,4.322520494,9.946047679,0.194747445,2.385709078,9,2015
BBB,Intuit Inc.,INTU,Standard & Poor's Ratings Services,2016-02-03,Technology,1.467889908,1.025229358,0.463302752,7.923425573,0.087070611,0.169847328,0.966841603,0.176049618,0.073470209,0.220843672,0.15651801,0.843800322,6.146627566,1.130360206,0.530595813,0.41994382,0.905585106,4.846975089,6.039145907,2.130360206,0.169847328,24.83695562,5.352313167,0.358778626,0.731578947,2,2016
A,Intuit Inc.,INTU,Egan-Jones Ratings Company,2015-02-26,Technology,1.844475721,1.441238564,0.597466573,10.85441633,0.201287173,0.291611185,0.968708389,0.291611185,0.17438954,0.347619048,0.294671865,0.866371852,7.435643564,0.689733593,0.408190733,0.344748858,0.917704011,4.656140351,6.715789474,1.689733593,0.291611185,15.56803441,5.073684211,0.320905459,0.875776398,2,2015
BB,International Game Technology,IGT,Egan-Jones Ratings Company,2015-11-25,Consumer Services,2.247307706,0.720282585,0.567379247,0.0,0.060967184,0.119968906,0.32184825,0.178600879,0.015447354,0.032796412,0.077372179,0.25337162,10.95191848,3.893280462,0.777293378,0.491808453,1.0,4.535077749,4.596168826,5.008765767,0.119968906,2.749429878,4.535077749,0.205240762,2.45502524,11,2015
B,"Netflix, Inc.",NFLX,Standard & Poor's Ratings Services,2016-10-24,Consumer Services,1.247159096,0.378005593,0.319966372,0.0,0.021139735,0.029500256,0.317163739,0.043008406,0.013739851,0.028945373,0.069661169,0.649953815,35.26695421,4.070008956,0.80276169,0.283405052,1.073035393,-3.68832989,4.043127451,5.070008956,0.029500256,11.77335776,-3.437286333,-0.166916459,19.27458909,10,2016
B,"Netflix, Inc.",NFLX,Standard & Poor's Ratings Services,2015-02-25,Consumer Services,1.479624911,0.603981595,0.418153813,0.0,0.048467879,0.063467908,0.318257126,0.073146805,0.037808161,0.079519572,0.143617296,0.780066352,36.72831359,2.798579217,0.736743676,0.236340374,-3.230176546,-0.886231233,26.77346117,3.798579217,0.063467908,1.123559508,0.274359999,0.002994374,18.6166355,2,2015
B,"Netflix, Inc.",NFLX,Standard & Poor's Ratings Services,2016-02-25,Consumer Services,1.538928792,0.654663216,0.512612675,0.0,0.018089948,0.020928501,0.322742304,0.045110333,0.012020244,0.021261764,0.055158571,0.664470912,39.09482043,3.588806194,0.782078397,0.135630969,1.121755073,-1.973958003,5.425627335,4.588806194,0.020928501,10.29770157,-1.759704994,-0.110544699,18.11297443,2,2016
A,Intel Corporation,INTC,Fitch Ratings,2015-11-23,Technology,2.575860088,1.453820131,0.977085594,31.56453798,0.20630476,0.256742842,0.626483606,0.252949146,0.110803862,0.162612417,0.186952607,0.537088245,1.737554147,0.687239093,0.407315772,0.196453701,0.608455592,2.440109658,3.793757908,1.687239093,0.256742842,6.503993308,4.010333193,0.343546202,10.02229762,11,2015
A,Intel Corporation,INTC,Egan-Jones Ratings Company,2015-04-16,Technology,1.731069355,0.587926837,0.159872651,28.92169322,0.209486307,0.282817254,0.637354573,0.274691248,0.127278264,0.208080382,0.209505057,0.607573187,1.680907395,0.64603956,0.392481187,0.259287387,0.500587717,2.085492757,1.018363599,1.64603956,0.282817254,7.811131989,4.166088553,0.365455522,7.372998544,4,2015
A,"Cardinal Health, Inc.",CAH,Standard & Poor's Ratings Services,2015-09-03,Health Care,1.261497419,0.267702836,0.267702836,0.0,0.011850075,0.019184442,0.05570998,0.021076552,0.040309203,0.152492441,0.194213555,3.401599098,68.08167331,3.818094629,0.792449074,0.383833249,0.881889764,6.746987952,13.90361446,4.818094629,0.019184442,10.92836141,7.65060241,0.024772995,6.738516147,9,2015
A,"Cardinal Health, Inc.",CAH,Standard & Poor's Ratings Services,2015-06-16,Health Care,1.186834271,0.189546808,0.189546808,0.0,0.01280137,0.01827983,0.056661982,0.020695182,0.044789306,0.152500458,0.182159038,3.498789997,62.429061,3.067020778,0.754119771,0.381381381,0.901347068,6.671554252,8.401759531,4.067020778,0.01827983,11.05578072,7.401759531,0.027710685,7.072433945,6,2015
A,Progressive Corporation (The),PGR,Moody's Investors Service,2015-01-21,Finance,0.790152579,0.790152579,0.014780676,66.58557402,0.066060212,0.098363192,1.0,0.098363192,0.049675038,0.103361386,0.184885836,0.751966061,20.18675828,2.721906301,0.73132048,0.328405159,0.937355123,2.738740264,3.822214697,3.721906301,0.098363192,9.023708664,2.921774467,0.088987902,0.0,1,2015
A,Progressive Corporation (The),PGR,Moody's Investors Service,2016-08-22,Finance,0.832373191,0.832373191,0.021226841,70.21159146,0.043982015,0.062739427,1.0,0.062739427,0.030842869,0.062679799,0.129569818,0.701260938,19.91453572,3.200965176,0.761959465,0.281158632,0.920426367,4.275227781,6.505758982,4.200965176,0.062739427,13.55708286,4.644834107,0.115261887,0.0,8,2016
BBB,Flex Ltd.,FLEX,Moody's Investors Service,2016-06-09,Technology,1.293755402,0.587002975,0.241023424,32.62948279,0.022977013,0.025648507,0.05909993,0.025648507,0.051501831,0.136606278,0.254488918,2.241450264,12.49800613,3.941356668,0.797626428,0.104157876,0.562470877,0.770061433,2.807691976,4.941356668,0.025648507,5.897316944,1.369068987,0.030367009,5.393889407,6,2016
BB,Flex Ltd.,FLEX,Moody's Investors Service,2015-06-03,Technology,1.227727606,0.560518276,0.208148511,37.7180033,0.014002815,0.015338007,0.05516269,0.015338007,0.029247169,0.082679273,0.169017822,2.088663496,11.40783368,4.778946395,0.826958077,0.087051197,0.498838433,0.993972124,2.610541903,5.778946395,0.015338007,6.933243734,1.992573264,0.046592298,5.183421132,6,2015
BBB,Flex Ltd.,FLEX,Standard & Poor's Ratings Services,2016-12-01,Technology,1.265195775,0.555723231,0.244601317,30.56389778,0.018185965,0.01861981,0.065853171,0.01861981,0.035856414,0.078219942,0.172735554,1.971653005,10.81614461,3.817424205,0.79242019,0.023300159,0.550674252,1.122194786,2.882670124,4.817424205,0.01861981,8.187933151,2.037855925,0.046539594,5.369410577,12,2016
BBB,TechnipFMC plc,FTI,Standard & Poor's Ratings Services,2016-04-26,Energy,0.946754629,0.734411577,0.414144854,79.00575319,0.001255241,0.01315388,0.130475335,0.02384958,0.000957708,0.041166899,0.002885748,0.762967298,4.050254379,2.011308527,0.667503109,0.904572565,0.5351992,0.803271365,6.881836675,3.013182259,0.026133422,24.24723594,1.500882969,0.061044814,3.655971911,4,2016
BBB,Marathon Petroleum Corporation,MPC,Moody's Investors Service,2015-12-07,Energy,1.492671395,1.209771474,0.177620173,14.82776089,0.039583073,0.060706999,0.228560325,0.06512054,0.066148672,0.11895567,0.215456674,1.671135336,2.863257034,2.257157966,0.69298388,0.34430727,0.508002955,3.834572491,8.827137546,3.257157966,0.060706999,5.251028716,7.548327138,0.056362854,11.71895425,12,2015
AA,Costco Wholesale Corporation,COST,Egan-Jones Ratings Company,2015-10-05,Consumer Services,1.045888755,0.39528416,0.290266022,0.373798398,0.020456286,0.031015757,0.130242085,0.031187876,0.071082536,0.213254438,0.22388622,3.474850478,7.544899682,2.149665631,0.682505981,0.331576027,0.441540257,4.305332742,14.60672879,3.149665631,0.031015757,13.57703065,9.750713953,0.036876393,11.21573632,10,2015
BBB,"ConAgra Brands, Inc.",CAG,Standard & Poor's Ratings Services,2015-07-01,Consumer Non-Durables,1.107999517,0.348951725,0.055313878,22.40847882,-0.015954625,-0.031296582,0.208970213,-0.031296582,-0.014399562,-0.034815908,-0.055810871,0.90253218,4.388015853,2.875872735,0.741993593,-0.472250252,0.68127786,2.367284675,0.429711335,3.875872735,-0.031296582,227.4155165,3.47477118,0.093517092,9.220275344,7,2015
BBB,"Equinix, Inc.",EQIX,Standard & Poor's Ratings Services,2016-07-25,Consumer Services,1.42659,1.116103413,0.727597587,40.04149099,0.035105312,0.044257887,0.495881632,0.171301463,0.010056811,0.013805136,0.029043739,0.286475469,0.501720189,1.887967211,0.653735681,0.284319306,-0.095206477,-1.380335725,10.72329107,2.887967211,0.044257887,18.88328812,14.49833849,0.28144604,3.130046292,7,2016
BBB,"Universal Health Services, Inc.",UHS,Egan-Jones Ratings Company,2015-04-29,Health Care,1.365489628,1.111577602,0.027112164,58.05075641,0.067615742,0.069075075,1.0,0.13183658,0.060766222,0.071501599,0.145971864,0.89869934,2.191849909,1.402187558,0.583712772,0.582774051,0.622396889,6.523849999,0.324499626,2.402187558,0.069075075,9.297953395,10.48181653,0.128435726,0.0,4,2015
BBB,"Universal Health Services, Inc.",UHS,Egan-Jones Ratings Company,2015-11-18,Health Care,1.561518203,1.239230793,0.055641281,52.5669443,0.075250919,0.126710589,1.0,0.139260444,0.070637328,0.134279393,0.160137536,0.938690568,2.357534637,1.267038415,0.558895873,0.344884069,1.0,10.33328947,0.619735417,2.267038415,0.126710589,8.755836703,10.33328947,0.1128881,0.0,11,2015
BBB,"Fiserv, Inc.",FISV,Standard & Poor's Ratings Services,2015-05-19,Technology,1.0,8.128532974,0.197846568,57.49506514,0.148835373,0.22463482,0.85846822,0.238847217,0.08075399,0.144949688,0.228831563,0.542572561,15.98107256,1.833687405,0.647102924,0.337434095,0.776587605,4.082864039,45.37811746,2.833687405,0.22463482,7.759130112,5.257441673,0.257994473,0.792265193,5,2015
BBB,"Fiserv, Inc.",FISV,Standard & Poor's Ratings Services,2016-03-18,Technology,1.002663116,0.717043941,0.183089214,55.71564522,0.135515797,0.201180053,0.86086791,0.249524172,0.076231263,0.134855831,0.267669173,0.562526767,13.26767677,2.511278195,0.715203426,0.35666982,0.733283804,4.219752031,1.175716118,3.511278195,0.201180053,8.72499537,5.754595981,0.256185763,0.713867188,3,2016
BBB,Noble Energy Inc.,NBL,Fitch Ratings,2016-03-24,Energy,1.260941828,1.141274238,0.569529086,52.42578998,-0.779125439,-0.708266837,1.0,-0.789020109,-0.100884444,-0.099102318,-0.23539055,0.129484212,0.147089202,1.333269045,0.571416763,-0.100045065,1.029582929,5.281094527,4.004975124,2.333269045,-0.708266837,-90.51640351,5.129353234,0.658155123,0.0,3,2016
